t_valid,t_avail,range
0.010000,0.030000,2.913650
0.043333,0.063333,2.958761
0.076667,0.096667,3.027582
0.110000,0.130000,3.045967
0.143333,0.163333,2.970893
0.176667,0.196667,3.017306
0.210000,0.230000,2.999132
0.243333,0.263333,2.998123
0.276667,0.296667,3.042950
0.310000,0.330000,3.007267
0.343333,0.363333,3.021078
0.376667,0.396667,3.016261
0.410000,0.430000,2.961778
0.443333,0.463333,3.017523
0.476667,0.496667,3.014640
0.510000,0.530000,3.054802
0.543333,0.563333,3.051122
0.576667,0.596667,3.073663
0.610000,0.630000,3.041005
0.643333,0.663333,3.064422
0.676667,0.696667,3.046630
0.710000,0.730000,3.108711
0.743333,0.763333,3.045199
0.776667,0.796667,3.061068
0.810000,0.830000,3.000261
0.843333,0.863333,3.116377
0.876667,0.896667,3.124082
0.910000,0.930000,3.095229
0.943333,0.963333,3.124774
0.976667,0.996667,3.105904
1.010000,1.030000,3.109090
1.043333,1.063333,3.116386
1.076667,1.096667,3.109312
1.110000,1.130000,3.141333
1.143333,1.163333,3.115617
1.176667,1.196667,3.144560
1.210000,1.230000,3.137850
1.243333,1.263333,3.166358
1.276667,1.296667,3.170607
1.310000,1.330000,3.145188
1.343333,1.363333,3.197398
1.376667,1.396667,3.180121
1.410000,1.430000,3.157777
1.443333,1.463333,3.197861
1.476667,1.496667,3.183360
1.510000,1.530000,3.180570
1.543333,1.563333,3.196356
1.576667,1.596667,3.169050
1.610000,1.630000,3.206351
1.643333,1.663333,3.182029
1.676667,1.696667,3.206320
1.710000,1.730000,3.206561
1.743333,1.763333,3.246400
1.776667,1.796667,3.205026
1.810000,1.830000,3.213447
1.843333,1.863333,3.221331
1.876667,1.896667,3.205570
1.910000,1.930000,3.212604
1.943333,1.963333,3.222182
1.976667,1.996667,3.215315
2.010000,2.030000,3.229702
2.043333,2.063333,3.204146
2.076667,2.096667,3.287405
2.110000,2.130000,3.226146
2.143333,2.163333,3.297583
2.176667,2.196667,3.258495
2.210000,2.230000,3.245368
2.243333,2.263333,3.241819
2.276667,2.296667,3.242187
2.310000,2.330000,3.279957
2.343333,2.363333,3.289532
2.376667,2.396667,3.274869
2.410000,2.430000,3.263731
2.443333,2.463333,3.300943
2.476667,2.496667,3.340830
2.510000,2.530000,3.239113
2.543333,2.563333,3.300948
2.576667,2.596667,3.325512
2.610000,2.630000,3.328847
2.643333,2.663333,3.349951
2.676667,2.696667,3.267319
2.710000,2.730000,3.295600
2.743333,2.763333,3.308024
2.776667,2.796667,3.334755
2.810000,2.830000,3.331626
2.843333,2.863333,3.290472
2.876667,2.896667,3.368831
2.910000,2.930000,3.346211
2.943333,2.963333,3.377908
2.976667,2.996667,3.340558
3.010000,3.030000,3.324138
3.043333,3.063333,3.343500
3.076667,3.096667,3.346351
3.110000,3.130000,3.327318
3.143333,3.163333,3.318235
3.176667,3.196667,3.351944
3.210000,3.230000,3.378677
3.243333,3.263333,3.320979
3.276667,3.296667,3.414475
3.310000,3.330000,3.335415
3.343333,3.363333,3.389365
3.376667,3.396667,3.388512
3.410000,3.430000,3.389399
3.443333,3.463333,3.360928
3.476667,3.496667,3.388798
3.510000,3.530000,3.349256
3.543333,3.563333,3.442412
3.576667,3.596667,3.352520
3.610000,3.630000,3.345792
3.643333,3.663333,3.402690
3.676667,3.696667,3.395488
3.710000,3.730000,3.410758
3.743333,3.763333,3.418003
3.776667,3.796667,3.404515
3.810000,3.830000,3.403320
3.843333,3.863333,3.431936
3.876667,3.896667,3.440651
3.910000,3.930000,3.404009
3.943333,3.963333,3.438348
3.976667,3.996667,3.448208
4.010000,4.030000,3.425528
4.043333,4.063333,3.401036
4.076667,4.096667,3.446913
4.110000,4.130000,3.359345
4.143333,4.163333,3.395334
4.176667,4.196667,3.431599
4.210000,4.230000,3.439051
4.243333,4.263333,3.414748
4.276667,4.296667,3.466115
4.310000,4.330000,3.471154
4.343333,4.363333,3.468369
4.376667,4.396667,3.435246
4.410000,4.430000,3.472090
4.443333,4.463333,3.440154
4.476667,4.496667,3.481425
4.510000,4.530000,3.472357
4.543333,4.563333,3.513040
4.576667,4.596667,3.486321
4.610000,4.630000,3.478708
4.643333,4.663333,3.509362
4.676667,4.696667,3.496067
4.710000,4.730000,3.542133
4.743333,4.763333,3.565305
4.776667,4.796667,3.535802
4.810000,4.830000,3.513699
4.843333,4.863333,3.516944
4.876667,4.896667,3.456453
4.910000,4.930000,3.510950
4.943333,4.963333,3.506676
5.010000,5.030000,3.529617
5.043333,5.063333,3.565873
5.076667,5.096667,3.541325
5.110000,5.130000,3.543113
5.143333,5.163333,3.488456
5.176667,5.196667,3.524939
5.210000,5.230000,3.541811
5.243333,5.263333,3.575536
5.276667,5.296667,3.499091
5.310000,5.330000,3.487171
5.343333,5.363333,3.553442
5.376667,5.396667,3.561913
5.410000,5.430000,3.522747
5.443333,5.463333,3.590406
5.510000,5.530000,3.626096
5.543333,5.563333,3.598715
5.576667,5.596667,3.601996
5.610000,5.630000,3.598582
5.643333,5.663333,3.585307
5.676667,5.696667,3.608071
5.710000,5.730000,3.650565
5.743333,5.763333,3.594545
5.776667,5.796667,3.605784
5.810000,5.830000,3.554320
5.843333,5.863333,3.636137
5.876667,5.896667,3.617073
5.910000,5.930000,3.600751
5.943333,5.963333,3.641256
5.976667,5.996667,3.640602
6.010000,6.030000,3.634740
6.043333,6.063333,3.670808
6.076667,6.096667,3.641845
6.110000,6.130000,3.645166
6.143333,6.163333,3.696023
6.176667,6.196667,3.647685
6.210000,6.230000,3.646792
6.243333,6.263333,3.690466
6.276667,6.296667,3.690226
6.310000,6.330000,3.653226
6.343333,6.363333,3.655901
6.376667,6.396667,3.674251
6.410000,6.430000,3.627724
6.443333,6.463333,3.683965
6.476667,6.496667,3.694686
6.510000,6.530000,3.678995
6.543333,6.563333,3.714109
6.576667,6.596667,3.692264
6.610000,6.630000,3.662121
6.643333,6.663333,3.692279
6.676667,6.696667,3.683459
6.710000,6.730000,3.735163
6.743333,6.763333,3.733979
6.776667,6.796667,3.680067
6.810000,6.830000,3.702269
6.843333,6.863333,3.683067
6.876667,6.896667,3.702607
6.910000,6.930000,3.716532
6.943333,6.963333,3.743346
6.976667,6.996667,3.727921
7.010000,7.030000,3.723080
7.043333,7.063333,3.744732
7.076667,7.096667,3.710703
7.110000,7.130000,3.674854
7.143333,7.163333,3.675252
7.176667,7.196667,3.700544
7.210000,7.230000,3.694169
7.243333,7.263333,3.731736
7.276667,7.296667,3.722289
7.310000,7.330000,3.736348
7.343333,7.363333,3.733684
7.376667,7.396667,3.696606
7.410000,7.430000,3.751809
7.443333,7.463333,3.742260
7.476667,7.496667,3.745853
7.510000,7.530000,3.698119
7.543333,7.563333,3.730958
7.576667,7.596667,3.728355
7.610000,7.630000,3.781694
7.643333,7.663333,3.757530
7.676667,7.696667,3.741244
7.710000,7.730000,3.775196
7.743333,7.763333,3.767507
7.776667,7.796667,3.724104
7.810000,7.830000,3.720368
7.843333,7.863333,3.732573
7.876667,7.896667,3.715833
7.910000,7.930000,3.787757
7.943333,7.963333,3.714070
7.976667,7.996667,3.749388
8.010000,8.030000,3.782764
8.043333,8.063333,3.736644
8.076667,8.096667,3.784529
8.110000,8.130000,3.755104
8.143333,8.163333,3.766369
8.176667,8.196667,3.715725
8.210000,8.230000,3.768342
8.243333,8.263333,3.728982
8.276667,8.296667,3.798107
8.310000,8.330000,3.753321
8.343333,8.363333,3.769219
8.376667,8.396667,3.764101
8.410000,8.430000,3.753589
8.443333,8.463333,3.796969
8.476667,8.496667,3.809200
8.510000,8.530000,3.762515
8.543333,8.563333,3.756210
8.576667,8.596667,3.751990
8.610000,8.630000,3.711110
8.643333,8.663333,3.769025
8.676667,8.696667,3.778825
8.710000,8.730000,3.738365
8.743333,8.763333,3.745917
8.776667,8.796667,3.757884
8.810000,8.830000,3.750288
8.843333,8.863333,3.755098
8.876667,8.896667,3.754104
8.910000,8.930000,3.759715
8.943333,8.963333,3.760950
8.976667,8.996667,3.781375
9.010000,9.030000,3.741532
9.043333,9.063333,3.793758
9.076667,9.096667,3.737668
9.110000,9.130000,3.761234
9.143333,9.163333,3.799447
9.176667,9.196667,3.702547
9.210000,9.230000,3.788801
9.243333,9.263333,3.772059
9.276667,9.296667,3.758898
9.310000,9.330000,3.757629
9.343333,9.363333,3.707974
9.376667,9.396667,3.799335
9.410000,9.430000,3.807665
9.443333,9.463333,3.799756
9.476667,9.496667,3.772951
9.510000,9.530000,3.706974
9.543333,9.563333,3.776295
9.576667,9.596667,3.781872
9.610000,9.630000,3.754818
9.643333,9.663333,3.785577
9.676667,9.696667,3.788104
9.710000,9.730000,3.775581
9.743333,9.763333,3.810453
9.776667,9.796667,3.775424
9.810000,9.830000,3.735732
9.843333,9.863333,3.795458
9.876667,9.896667,3.787130
9.910000,9.930000,3.749608
9.943333,9.963333,3.809472
9.976667,9.996667,3.795398
10.010000,10.030000,3.798311
10.043333,10.063333,3.791199
10.076667,10.096667,3.799778
10.110000,10.130000,3.771626
10.143333,10.163333,3.768914
10.176667,10.196667,3.783161
10.210000,10.230000,3.749193
10.243333,10.263333,3.781554
10.276667,10.296667,3.760366
10.310000,10.330000,3.735218
10.343333,10.363333,3.786108
10.376667,10.396667,3.788986
10.410000,10.430000,3.809688
10.443333,10.463333,3.800873
10.476667,10.496667,3.798600
10.510000,10.530000,3.813913
10.543333,10.563333,3.812292
10.576667,10.596667,3.747940
10.610000,10.630000,3.829398
10.643333,10.663333,3.808650
10.676667,10.696667,3.792688
10.710000,10.730000,3.813037
10.743333,10.763333,3.841806
10.776667,10.796667,3.825337
10.810000,10.830000,3.799330
10.843333,10.863333,3.795090
10.876667,10.896667,3.787729
10.910000,10.930000,3.825578
10.943333,10.963333,3.804573
10.976667,10.996667,3.769068
11.010000,11.030000,3.808454
11.043333,11.063333,3.798316
11.076667,11.096667,3.799032
11.110000,11.130000,3.816464
11.143333,11.163333,3.758414
11.176667,11.196667,3.779121
11.210000,11.230000,3.802928
11.243333,11.263333,3.795879
11.276667,11.296667,3.809797
11.310000,11.330000,3.756699
11.343333,11.363333,3.807009
11.376667,11.396667,3.794218
11.410000,11.430000,3.796240
11.443333,11.463333,3.807506
11.476667,11.496667,3.804501
11.510000,11.530000,3.776144
11.543333,11.563333,3.783057
11.576667,11.596667,3.753404
11.610000,11.630000,3.798207
11.643333,11.663333,3.811555
11.676667,11.696667,3.842478
11.710000,11.730000,3.828518
11.743333,11.763333,3.792486
11.776667,11.796667,3.795516
11.810000,11.830000,3.784961
11.843333,11.863333,3.798665
11.876667,11.896667,3.803808
11.910000,11.930000,3.792310
11.943333,11.963333,3.761912
11.976667,11.996667,3.782626
12.010000,12.030000,3.774574
12.043333,12.063333,3.778463
12.076667,12.096667,3.748235
12.110000,12.130000,3.754999
12.143333,12.163333,3.767495
12.176667,12.196667,3.761995
12.210000,12.230000,3.796367
12.243333,12.263333,3.782348
12.276667,12.296667,3.759690
12.310000,12.330000,3.732702
12.343333,12.363333,3.726861
12.376667,12.396667,3.730858
12.410000,12.430000,3.782771
12.443333,12.463333,3.710981
12.476667,12.496667,3.748869
12.510000,12.530000,3.717741
12.543333,12.563333,3.711512
12.576667,12.596667,3.730644
12.610000,12.630000,3.755505
12.643333,12.663333,3.792656
12.676667,12.696667,3.776752
12.710000,12.730000,3.738888
12.743333,12.763333,3.745441
12.776667,12.796667,3.710458
12.810000,12.830000,3.718260
12.843333,12.863333,3.743100
12.876667,12.896667,3.725506
12.910000,12.930000,3.796965
12.943333,12.963333,3.764514
12.976667,12.996667,3.739351
13.010000,13.030000,3.718163
13.043333,13.063333,3.717303
13.076667,13.096667,3.692101
13.110000,13.130000,3.674267
13.143333,13.163333,3.724345
13.176667,13.196667,3.748740
13.210000,13.230000,3.694486
13.243333,13.263333,3.715160
13.276667,13.296667,3.784882
13.310000,13.330000,3.734360
13.343333,13.363333,3.720441
13.376667,13.396667,3.717357
13.410000,13.430000,3.682959
13.443333,13.463333,3.703450
13.476667,13.496667,3.705072
13.510000,13.530000,3.734123
13.543333,13.563333,3.667605
13.576667,13.596667,3.674966
13.610000,13.630000,3.719155
13.643333,13.663333,3.658276
13.676667,13.696667,3.676316
13.710000,13.730000,3.683733
13.743333,13.763333,3.722833
13.776667,13.796667,3.656163
13.810000,13.830000,3.729019
13.843333,13.863333,3.679511
13.876667,13.896667,3.666104
13.910000,13.930000,3.654308
13.943333,13.963333,3.694375
13.976667,13.996667,3.668379
14.010000,14.030000,3.661356
14.043333,14.063333,3.672308
14.076667,14.096667,3.615724
14.110000,14.130000,3.700980
14.143333,14.163333,3.622380
14.176667,14.196667,3.662753
14.210000,14.230000,3.695373
14.243333,14.263333,3.658752
14.276667,14.296667,3.703839
14.310000,14.330000,3.688421
14.343333,14.363333,3.683135
14.376667,14.396667,3.671096
14.410000,14.430000,3.639027
14.443333,14.463333,3.666773
14.476667,14.496667,3.579293
14.510000,14.530000,3.635357
14.543333,14.563333,3.653743
14.576667,14.596667,3.677298
14.610000,14.630000,3.650445
14.643333,14.663333,3.643892
14.676667,14.696667,3.643592
14.710000,14.730000,3.647205
14.743333,14.763333,3.636802
14.776667,14.796667,3.606905
14.810000,14.830000,3.550653
14.843333,14.863333,3.580040
14.876667,14.896667,3.621090
14.910000,14.930000,3.609011
14.943333,14.963333,3.599870
14.976667,14.996667,3.661769
15.010000,15.030000,3.606248
15.043333,15.063333,3.623125
15.076667,15.096667,3.605002
15.110000,15.130000,3.686548
15.143333,15.163333,3.618872
15.176667,15.196667,3.625074
15.210000,15.230000,3.593298
15.243333,15.263333,3.602644
15.276667,15.296667,3.571286
15.310000,15.330000,3.595891
15.343333,15.363333,3.582669
15.376667,15.396667,3.636901
15.410000,15.430000,3.564481
15.443333,15.463333,3.604020
15.476667,15.496667,3.606298
15.510000,15.530000,3.646958
15.543333,15.563333,3.557543
15.576667,15.596667,3.592083
15.610000,15.630000,3.547559
15.643333,15.663333,3.562631
15.676667,15.696667,3.569109
15.710000,15.730000,3.505045
15.743333,15.763333,3.538634
15.776667,15.796667,3.555079
15.810000,15.830000,3.590778
15.843333,15.863333,3.529293
15.876667,15.896667,3.570453
15.910000,15.930000,3.558757
15.943333,15.963333,3.549544
15.976667,15.996667,3.545228
16.010000,16.030000,3.543103
16.043333,16.063333,3.481420
16.076667,16.096667,3.512516
16.110000,16.130000,3.475469
16.143333,16.163333,3.524375
16.176667,16.196667,3.488678
16.210000,16.230000,3.469272
16.243333,16.263333,3.520850
16.276667,16.296667,3.492002
16.310000,16.330000,3.545954
16.343333,16.363333,3.471827
16.376667,16.396667,3.482790
16.410000,16.430000,3.473068
16.443333,16.463333,3.467426
16.476667,16.496667,3.426386
16.510000,16.530000,3.455657
16.543333,16.563333,3.417607
16.576667,16.596667,3.472636
16.610000,16.630000,3.478507
16.643333,16.663333,3.463870
16.676667,16.696667,3.458944
16.710000,16.730000,3.491483
16.743333,16.763333,3.444002
16.776667,16.796667,3.490598
16.810000,16.830000,3.457784
16.843333,16.863333,3.426006
16.876667,16.896667,3.434966
16.910000,16.930000,3.443530
16.943333,16.963333,3.430498
16.976667,16.996667,3.448012
17.010000,17.030000,3.440780
17.043333,17.063333,3.441920
17.076667,17.096667,3.464758
17.110000,17.130000,3.410010
17.143333,17.163333,3.414286
17.176667,17.196667,3.407502
17.210000,17.230000,3.375214
17.243333,17.263333,3.441356
17.276667,17.296667,3.421436
17.310000,17.330000,3.361199
17.343333,17.363333,3.346349
17.376667,17.396667,3.394269
17.410000,17.430000,3.385847
17.443333,17.463333,3.352875
17.476667,17.496667,3.326829
17.510000,17.530000,3.379937
17.543333,17.563333,3.392413
17.576667,17.596667,3.369478
17.610000,17.630000,3.350517
17.643333,17.663333,3.352847
17.676667,17.696667,3.329484
17.710000,17.730000,3.371934
17.743333,17.763333,3.348445
17.776667,17.796667,3.368558
17.810000,17.830000,3.349143
17.843333,17.863333,3.350861
17.876667,17.896667,3.307732
17.910000,17.930000,3.290844
17.943333,17.963333,3.277355
17.976667,17.996667,3.317881
18.010000,18.030000,3.347844
18.043333,18.063333,3.348012
18.076667,18.096667,3.292701
18.110000,18.130000,3.359260
18.143333,18.163333,3.318123
18.176667,18.196667,3.326278
18.210000,18.230000,3.302967
18.243333,18.263333,3.268111
18.276667,18.296667,3.279572
18.310000,18.330000,3.327366
18.343333,18.363333,3.294098
18.376667,18.396667,3.329378
18.410000,18.430000,3.289119
18.443333,18.463333,3.257965
18.476667,18.496667,3.286827
18.510000,18.530000,3.293247
18.543333,18.563333,3.272504
18.576667,18.596667,3.295605
18.610000,18.630000,3.301426
18.643333,18.663333,3.272439
18.676667,18.696667,3.288042
18.710000,18.730000,3.221513
18.743333,18.763333,3.306531
18.776667,18.796667,3.249876
18.810000,18.830000,3.265238
18.843333,18.863333,3.263853
18.876667,18.896667,3.190708
18.910000,18.930000,3.281587
18.943333,18.963333,3.217586
18.976667,18.996667,3.229943
19.010000,19.030000,3.218856
19.043333,19.063333,3.220614
19.076667,19.096667,3.234790
19.110000,19.130000,3.158652
19.143333,19.163333,3.193952
19.176667,19.196667,3.197094
19.210000,19.230000,3.220732
19.243333,19.263333,3.213591
19.276667,19.296667,3.219680
19.310000,19.330000,3.150584
19.343333,19.363333,3.223035
19.376667,19.396667,3.214122
19.410000,19.430000,3.213347
19.443333,19.463333,3.258992
19.476667,19.496667,3.185813
19.510000,19.530000,3.143829
19.543333,19.563333,3.171853
19.576667,19.596667,3.179153
19.610000,19.630000,3.156881
19.676667,19.696667,3.155577
19.710000,19.730000,3.141470
19.743333,19.763333,3.109584
19.776667,19.796667,3.116294
19.810000,19.830000,3.202097
19.843333,19.863333,3.159899
19.876667,19.896667,3.116393
19.910000,19.930000,3.122321
19.943333,19.963333,3.117179
19.976667,19.996667,3.119556
20.010000,20.030000,3.096107
20.043333,20.063333,3.107516
20.076667,20.096667,3.096863
20.110000,20.130000,3.169809
20.143333,20.163333,3.096160
20.210000,20.230000,3.119792
20.243333,20.263333,3.101604
20.276667,20.296667,3.075381
20.310000,20.330000,3.055119
20.343333,20.363333,3.084945
20.376667,20.396667,3.077020
20.410000,20.430000,3.028505
20.443333,20.463333,3.061488
20.476667,20.496667,3.062876
20.510000,20.530000,3.055253
20.543333,20.563333,3.034634
20.576667,20.596667,3.037539
20.610000,20.630000,3.044716
20.643333,20.663333,3.062682
20.676667,20.696667,3.019070
20.710000,20.730000,3.041586
20.743333,20.763333,3.024236
20.776667,20.796667,3.018609
20.810000,20.830000,2.999317
20.843333,20.863333,3.001296
20.876667,20.896667,3.046422
20.910000,20.930000,2.999314
20.943333,20.963333,3.017520
20.976667,20.996667,2.999773
21.010000,21.030000,2.940802
21.043333,21.063333,3.005558
21.076667,21.096667,2.955326
21.110000,21.130000,2.957570
21.143333,21.163333,2.934392
21.176667,21.196667,3.011542
21.210000,21.230000,2.970462
21.243333,21.263333,2.964090
21.276667,21.296667,2.946660
21.310000,21.330000,2.942541
21.343333,21.363333,2.938188
21.376667,21.396667,2.897684
21.410000,21.430000,2.921222
21.443333,21.463333,2.895044
21.476667,21.496667,2.917613
21.510000,21.530000,2.903169
21.543333,21.563333,2.950019
21.576667,21.596667,2.887513
21.610000,21.630000,2.890133
21.643333,21.663333,2.915773
21.676667,21.696667,2.898841
21.710000,21.730000,2.876337
21.743333,21.763333,2.899423
21.776667,21.796667,2.890499
21.810000,21.830000,2.868653
21.843333,21.863333,2.855949
21.876667,21.896667,2.907349
21.910000,21.930000,2.835809
21.943333,21.963333,2.845906
22.010000,22.030000,2.863778
22.043333,22.063333,2.816161
22.076667,22.096667,2.868007
22.110000,22.130000,2.858500
22.143333,22.163333,2.875879
22.176667,22.196667,2.835935
22.210000,22.230000,2.809287
22.243333,22.263333,2.809174
22.276667,22.296667,2.812362
22.310000,22.330000,2.842223
22.343333,22.363333,2.843954
22.376667,22.396667,2.738541
22.410000,22.430000,2.765193
22.443333,22.463333,2.797007
22.476667,22.496667,2.799660
22.510000,22.530000,2.811415
22.543333,22.563333,2.796444
22.576667,22.596667,2.790648
22.610000,22.630000,2.795370
22.643333,22.663333,2.760553
22.676667,22.696667,2.769921
22.710000,22.730000,2.761255
22.743333,22.763333,2.785230
22.776667,22.796667,2.769613
22.810000,22.830000,2.686366
22.876667,22.896667,2.707844
22.910000,22.930000,2.776210
22.943333,22.963333,2.770507
22.976667,22.996667,2.736964
23.010000,23.030000,2.758534
23.043333,23.063333,2.732819
23.076667,23.096667,2.731464
23.110000,23.130000,2.702395
23.143333,23.163333,2.756364
23.176667,23.196667,2.715299
23.210000,23.230000,2.720586
23.243333,23.263333,2.699605
23.276667,23.296667,2.733630
23.310000,23.330000,2.707633
23.343333,23.363333,2.722828
23.376667,23.396667,2.668463
23.410000,23.430000,2.685276
23.443333,23.463333,2.673094
23.476667,23.496667,2.662779
23.510000,23.530000,2.684959
23.543333,23.563333,2.707965
23.576667,23.596667,2.672194
23.610000,23.630000,2.654702
23.643333,23.663333,2.644457
23.676667,23.696667,2.666450
23.710000,23.730000,2.648806
23.743333,23.763333,2.670283
23.776667,23.796667,2.648728
23.810000,23.830000,2.683551
23.843333,23.863333,2.701838
23.876667,23.896667,2.686230
23.910000,23.930000,2.627563
23.943333,23.963333,2.595597
23.976667,23.996667,2.640431
24.010000,24.030000,2.626477
24.043333,24.063333,2.657467
24.076667,24.096667,2.632218
24.110000,24.130000,2.677530
24.143333,24.163333,2.648911
24.176667,24.196667,2.560704
24.210000,24.230000,2.606272
24.243333,24.263333,2.620966
24.276667,24.296667,2.617661
24.310000,24.330000,2.620890
24.343333,24.363333,2.593495
24.376667,24.396667,2.578023
24.410000,24.430000,2.597870
24.443333,24.463333,2.581041
24.476667,24.496667,2.614570
24.510000,24.530000,2.588313
24.543333,24.563333,2.569690
24.576667,24.596667,2.619109
24.610000,24.630000,2.549858
24.643333,24.663333,2.578119
24.676667,24.696667,2.585776
24.710000,24.730000,2.561380
24.743333,24.763333,2.564952
24.776667,24.796667,2.525356
24.810000,24.830000,2.554498
24.843333,24.863333,2.574033
24.876667,24.896667,2.544988
24.910000,24.930000,2.537881
24.943333,24.963333,2.553628
24.976667,24.996667,2.554569
25.010000,25.030000,2.586542
25.043333,25.063333,2.545716
25.076667,25.096667,2.536527
25.110000,25.130000,2.546219
25.143333,25.163333,2.544906
25.176667,25.196667,2.528798
25.210000,25.230000,2.549875
25.243333,25.263333,2.453636
25.276667,25.296667,2.533884
25.310000,25.330000,2.505025
25.343333,25.363333,2.490517
25.376667,25.396667,2.515825
25.410000,25.430000,2.515470
25.443333,25.463333,2.538438
25.476667,25.496667,2.507568
25.510000,25.530000,2.418957
25.543333,25.563333,2.479796
25.576667,25.596667,2.445605
25.610000,25.630000,2.455323
25.643333,25.663333,2.464822
25.676667,25.696667,2.471991
25.710000,25.730000,2.484034
25.743333,25.763333,2.507747
25.776667,25.796667,2.434473
25.810000,25.830000,2.451065
25.843333,25.863333,2.429280
25.876667,25.896667,2.439032
25.910000,25.930000,2.417036
25.943333,25.963333,2.453227
25.976667,25.996667,2.391745
26.010000,26.030000,2.432915
26.043333,26.063333,2.431136
26.076667,26.096667,2.429165
26.110000,26.130000,2.436452
26.143333,26.163333,2.433481
26.176667,26.196667,2.391126
26.210000,26.230000,2.400031
26.243333,26.263333,2.369748
26.276667,26.296667,2.398470
26.310000,26.330000,2.385551
26.343333,26.363333,2.415311
26.376667,26.396667,2.385545
26.410000,26.430000,2.347088
26.443333,26.463333,2.374955
26.476667,26.496667,2.365277
26.510000,26.530000,2.348356
26.543333,26.563333,2.450616
26.576667,26.596667,2.394414
26.610000,26.630000,2.344515
26.643333,26.663333,2.407040
26.676667,26.696667,2.360500
26.710000,26.730000,2.387714
26.743333,26.763333,2.357194
26.776667,26.796667,2.338204
26.810000,26.830000,2.340871
26.876667,26.896667,2.334724
26.910000,26.930000,2.399293
26.943333,26.963333,2.367843
26.976667,26.996667,2.354807
27.010000,27.030000,2.353636
27.043333,27.063333,2.297378
27.076667,27.096667,2.361687
27.110000,27.130000,2.305767
27.143333,27.163333,2.296523
27.176667,27.196667,2.340004
27.210000,27.230000,2.337905
27.243333,27.263333,2.331763
27.276667,27.296667,2.284147
27.310000,27.330000,2.345619
27.343333,27.363333,2.311471
27.376667,27.396667,2.284446
27.410000,27.430000,2.363213
27.443333,27.463333,2.337325
27.476667,27.496667,2.326549
27.510000,27.530000,2.262922
27.543333,27.563333,2.306380
27.576667,27.596667,2.299850
27.610000,27.630000,2.277419
27.643333,27.663333,2.290300
27.676667,27.696667,2.296816
27.710000,27.730000,2.287290
27.743333,27.763333,2.316508
27.776667,27.796667,2.333748
27.810000,27.830000,2.301812
27.843333,27.863333,2.271096
27.876667,27.896667,2.279077
27.910000,27.930000,2.296189
27.943333,27.963333,2.298174
27.976667,27.996667,2.317695
28.010000,28.030000,2.284272
28.043333,28.063333,2.296645
28.076667,28.096667,2.296166
28.110000,28.130000,2.274543
28.143333,28.163333,2.266607
28.176667,28.196667,2.278802
28.210000,28.230000,2.242827
28.243333,28.263333,2.217203
28.276667,28.296667,2.314054
28.310000,28.330000,2.275004
28.343333,28.363333,2.301391
28.376667,28.396667,2.209993
28.410000,28.430000,2.258875
28.443333,28.463333,2.270921
28.476667,28.496667,2.230240
28.510000,28.530000,2.290375
28.543333,28.563333,2.256216
28.576667,28.596667,2.231128
28.610000,28.630000,2.253199
28.643333,28.663333,2.300099
28.676667,28.696667,2.222618
28.710000,28.730000,2.282422
28.743333,28.763333,2.288724
28.776667,28.796667,2.282017
28.810000,28.830000,2.261958
28.843333,28.863333,2.243670
28.876667,28.896667,2.246239
28.910000,28.930000,2.220951
28.943333,28.963333,2.277363
28.976667,28.996667,2.234826
29.010000,29.030000,2.283333
29.043333,29.063333,2.227167
29.076667,29.096667,2.295695
29.110000,29.130000,2.238878
29.143333,29.163333,2.269310
29.176667,29.196667,2.227354
29.210000,29.230000,2.179141
29.243333,29.263333,2.226051
29.276667,29.296667,2.218859
29.310000,29.330000,2.217645
29.343333,29.363333,2.231258
29.376667,29.396667,2.245216
29.410000,29.430000,2.183436
29.443333,29.463333,2.240743
29.476667,29.496667,2.229358
29.510000,29.530000,2.251413
29.543333,29.563333,2.231352
29.576667,29.596667,2.214429
29.643333,29.663333,2.197810
29.676667,29.696667,2.222257
29.710000,29.730000,2.244710
29.743333,29.763333,2.225337
29.776667,29.796667,2.246361
29.810000,29.830000,2.171838
29.843333,29.863333,2.207288
29.876667,29.896667,2.211054
29.910000,29.930000,2.169788
29.943333,29.963333,2.170695
29.976667,29.996667,2.230501
30.010000,30.030000,2.226414
30.043333,30.063333,2.222018
30.076667,30.096667,2.223572
30.110000,30.130000,2.163703
30.143333,30.163333,2.167913
30.176667,30.196667,2.164411
30.210000,30.230000,2.163983
30.243333,30.263333,2.228370
30.276667,30.296667,2.179398
30.310000,30.330000,2.176396
30.343333,30.363333,2.205463
30.376667,30.396667,2.169495
30.410000,30.430000,2.179121
30.443333,30.463333,2.190113
30.476667,30.496667,2.136557
30.510000,30.530000,2.180401
30.543333,30.563333,2.180489
30.576667,30.596667,2.154785
30.610000,30.630000,2.225017
30.643333,30.663333,2.189478
30.676667,30.696667,2.129347
30.710000,30.730000,2.163244
30.743333,30.763333,2.190457
30.776667,30.796667,2.174236
30.810000,30.830000,2.180086
30.843333,30.863333,2.151002
30.876667,30.896667,2.182940
30.910000,30.930000,2.157572
30.943333,30.963333,2.187173
30.976667,30.996667,2.200091
31.010000,31.030000,2.178245
31.043333,31.063333,2.198585
31.076667,31.096667,2.176518
31.110000,31.130000,2.175281
31.143333,31.163333,2.220455
31.176667,31.196667,2.230313
31.210000,31.230000,2.187578
31.243333,31.263333,2.199003
31.276667,31.296667,2.190441
31.310000,31.330000,2.169340
31.343333,31.363333,2.160170
31.376667,31.396667,2.177493
31.410000,31.430000,2.180560
31.443333,31.463333,2.158747
31.476667,31.496667,2.209220
31.510000,31.530000,2.151868
31.543333,31.563333,2.166905
31.576667,31.596667,2.138360
31.610000,31.630000,2.169204
31.643333,31.663333,2.155926
31.676667,31.696667,2.154443
31.710000,31.730000,2.156019
31.743333,31.763333,2.163098
31.776667,31.796667,2.180866
31.810000,31.830000,2.179927
31.843333,31.863333,2.190708
31.876667,31.896667,2.160836
31.910000,31.930000,2.192845
31.943333,31.963333,2.198583
31.976667,31.996667,2.175484
32.010000,32.030000,2.166233
32.043333,32.063333,2.154491
32.076667,32.096667,2.174051
32.110000,32.130000,2.163731
32.143333,32.163333,2.170539
32.176667,32.196667,2.199252
32.210000,32.230000,2.224112
32.243333,32.263333,2.184212
32.276667,32.296667,2.219291
32.310000,32.330000,2.200447
32.343333,32.363333,2.194195
32.376667,32.396667,2.216407
32.410000,32.430000,2.187392
32.443333,32.463333,2.214156
32.476667,32.496667,2.208480
32.510000,32.530000,2.221864
32.543333,32.563333,2.202736
32.576667,32.596667,2.190115
32.610000,32.630000,2.194113
32.643333,32.663333,2.207913
32.676667,32.696667,2.230222
32.710000,32.730000,2.175047
32.743333,32.763333,2.193773
32.776667,32.796667,2.235488
32.810000,32.830000,2.195888
32.843333,32.863333,2.220770
32.876667,32.896667,2.253628
32.910000,32.930000,2.247341
32.943333,32.963333,2.186001
32.976667,32.996667,2.231645
33.010000,33.030000,2.211600
33.043333,33.063333,2.226908
33.076667,33.096667,2.258315
33.110000,33.130000,2.294223
33.143333,33.163333,2.221705
33.176667,33.196667,2.256888
33.210000,33.230000,2.194155
33.243333,33.263333,2.226022
33.276667,33.296667,2.250984
33.310000,33.330000,2.253929
33.343333,33.363333,2.209609
33.376667,33.396667,2.218634
33.410000,33.430000,2.192932
33.443333,33.463333,2.270032
33.476667,33.496667,2.258987
33.510000,33.530000,2.260535
33.543333,33.563333,2.242937
33.576667,33.596667,2.242682
33.610000,33.630000,2.266814
33.643333,33.663333,2.287334
33.676667,33.696667,2.265365
33.710000,33.730000,2.276129
33.743333,33.763333,2.248515
33.776667,33.796667,2.223075
33.810000,33.830000,2.300013
33.843333,33.863333,2.237795
33.876667,33.896667,2.263863
33.910000,33.930000,2.244878
33.943333,33.963333,2.240220
33.976667,33.996667,2.273425
34.010000,34.030000,2.182119
34.043333,34.063333,2.283771
34.076667,34.096667,2.273558
34.110000,34.130000,2.269958
34.143333,34.163333,2.236659
34.176667,34.196667,2.264128
34.210000,34.230000,2.268467
34.243333,34.263333,2.254300
34.276667,34.296667,2.259124
34.310000,34.330000,2.252666
34.343333,34.363333,2.313086
34.376667,34.396667,2.253046
34.410000,34.430000,2.308886
34.443333,34.463333,2.279815
34.476667,34.496667,2.214771
34.510000,34.530000,2.234839
34.576667,34.596667,2.244542
34.610000,34.630000,2.270613
34.643333,34.663333,2.272466
34.676667,34.696667,2.246742
34.710000,34.730000,2.297134
34.743333,34.763333,2.298419
34.776667,34.796667,2.258575
34.810000,34.830000,2.280648
34.843333,34.863333,2.324187
34.876667,34.896667,2.296422
34.910000,34.930000,2.244832
34.943333,34.963333,2.272289
34.976667,34.996667,2.303216
35.010000,35.030000,2.304190
35.043333,35.063333,2.291945
35.076667,35.096667,2.315927
35.110000,35.130000,2.301326
35.143333,35.163333,2.325867
35.176667,35.196667,2.332535
35.210000,35.230000,2.317097
35.243333,35.263333,2.239358
35.276667,35.296667,2.299243
35.310000,35.330000,2.301414
35.343333,35.363333,2.309320
35.376667,35.396667,2.321987
35.410000,35.430000,2.322786
35.443333,35.463333,2.367242
35.476667,35.496667,2.313493
35.510000,35.530000,2.347733
35.543333,35.563333,2.332818
35.576667,35.596667,2.308952
35.610000,35.630000,2.341213
35.643333,35.663333,2.299598
35.676667,35.696667,2.362827
35.710000,35.730000,2.325323
35.743333,35.763333,2.291813
35.776667,35.796667,2.321039
35.810000,35.830000,2.337709
35.843333,35.863333,2.343331
35.876667,35.896667,2.329490
35.910000,35.930000,2.340084
35.943333,35.963333,2.342587
35.976667,35.996667,2.364174
36.010000,36.030000,2.345738
36.043333,36.063333,2.353098
36.076667,36.096667,2.363424
36.110000,36.130000,2.326769
36.143333,36.163333,2.329250
36.176667,36.196667,2.372716
36.210000,36.230000,2.343230
36.243333,36.263333,2.350119
36.276667,36.296667,2.375958
36.310000,36.330000,2.391838
36.343333,36.363333,2.411113
36.376667,36.396667,2.405801
36.410000,36.430000,2.400959
36.443333,36.463333,2.417132
36.476667,36.496667,2.378507
36.510000,36.530000,2.431062
36.543333,36.563333,2.409085
36.576667,36.596667,2.368907
36.610000,36.630000,2.400086
36.643333,36.663333,2.356170
36.676667,36.696667,2.398931
36.710000,36.730000,2.385691
36.743333,36.763333,2.373736
36.776667,36.796667,2.410459
36.810000,36.830000,2.391426
36.843333,36.863333,2.409134
36.876667,36.896667,2.455250
36.910000,36.930000,2.446246
36.943333,36.963333,2.446765
36.976667,36.996667,2.382624
37.010000,37.030000,2.449254
37.043333,37.063333,2.530476
37.076667,37.096667,2.465584
37.110000,37.130000,2.452004
37.143333,37.163333,2.453415
37.176667,37.196667,2.483114
37.210000,37.230000,2.417257
37.243333,37.263333,2.452058
37.276667,37.296667,2.503082
37.310000,37.330000,2.454765
37.343333,37.363333,2.509623
37.376667,37.396667,2.473739
37.410000,37.430000,2.503050
37.443333,37.463333,2.470340
37.476667,37.496667,2.473079
37.510000,37.530000,2.480467
37.543333,37.563333,2.525870
37.576667,37.596667,2.562220
37.610000,37.630000,2.466449
37.643333,37.663333,2.541498
37.676667,37.696667,2.518803
37.710000,37.730000,2.516439
37.743333,37.763333,2.569143
37.776667,37.796667,2.527049
37.810000,37.830000,2.508874
37.843333,37.863333,2.572743
37.876667,37.896667,2.548176
37.910000,37.930000,2.567658
37.943333,37.963333,2.558683
37.976667,37.996667,2.579377
38.010000,38.030000,2.526421
38.043333,38.063333,2.575274
38.076667,38.096667,2.542177
38.110000,38.130000,2.550702
38.143333,38.163333,2.552596
38.176667,38.196667,2.578834
38.210000,38.230000,2.560352
38.243333,38.263333,2.551857
38.276667,38.296667,2.590340
38.310000,38.330000,2.534896
38.343333,38.363333,2.636295
38.376667,38.396667,2.582364
38.410000,38.430000,2.599431
38.443333,38.463333,2.565680
38.476667,38.496667,2.599820
38.510000,38.530000,2.552678
38.543333,38.563333,2.649590
38.576667,38.596667,2.580669
38.610000,38.630000,2.620477
38.643333,38.663333,2.592726
38.676667,38.696667,2.624705
38.710000,38.730000,2.645413
38.743333,38.763333,2.693124
38.776667,38.796667,2.572679
38.810000,38.830000,2.642518
38.843333,38.863333,2.670870
38.876667,38.896667,2.655967
38.910000,38.930000,2.659258
38.943333,38.963333,2.685444
38.976667,38.996667,2.666521
39.010000,39.030000,2.693474
39.043333,39.063333,2.636614
39.076667,39.096667,2.587970
39.110000,39.130000,2.648373
39.143333,39.163333,2.696005
39.176667,39.196667,2.646716
39.210000,39.230000,2.690103
39.243333,39.263333,2.695207
39.276667,39.296667,2.709251
39.310000,39.330000,2.719660
39.343333,39.363333,2.678790
39.410000,39.430000,2.694755
39.443333,39.463333,2.698476
39.476667,39.496667,2.690135
39.510000,39.530000,2.682962
39.543333,39.563333,2.734031
39.576667,39.596667,2.720809
39.610000,39.630000,2.696589
39.643333,39.663333,2.736372
39.676667,39.696667,2.655224
39.710000,39.730000,2.722737
39.743333,39.763333,2.724170
39.776667,39.796667,2.761436
39.810000,39.830000,2.716851
39.843333,39.863333,2.732416
39.876667,39.896667,2.747045
39.910000,39.930000,2.741618
39.943333,39.963333,2.765684
39.976667,39.996667,2.780637
40.010000,40.030000,2.754819
40.043333,40.063333,2.766572
40.076667,40.096667,2.787248
40.110000,40.130000,2.795244
40.143333,40.163333,2.753483
40.176667,40.196667,2.797624
40.210000,40.230000,2.791521
40.243333,40.263333,2.766301
40.276667,40.296667,2.780820
40.310000,40.330000,2.816111
40.343333,40.363333,2.795065
40.376667,40.396667,2.758675
40.410000,40.430000,2.803833
40.443333,40.463333,2.817249
40.476667,40.496667,2.802077
40.510000,40.530000,2.799020
40.543333,40.563333,2.836482
40.576667,40.596667,2.851542
40.610000,40.630000,2.779787
40.643333,40.663333,2.813781
40.676667,40.696667,2.841030
40.710000,40.730000,2.834689
40.743333,40.763333,2.805669
40.776667,40.796667,2.838649
40.810000,40.830000,2.865772
40.843333,40.863333,2.838960
40.876667,40.896667,2.895503
40.910000,40.930000,2.850012
40.943333,40.963333,2.857720
40.976667,40.996667,2.875831
41.010000,41.030000,2.866412
41.043333,41.063333,2.875051
41.076667,41.096667,2.855896
41.110000,41.130000,2.842018
41.143333,41.163333,2.889902
41.176667,41.196667,2.907298
41.210000,41.230000,2.868539
41.243333,41.263333,2.918790
41.276667,41.296667,2.923666
41.310000,41.330000,2.912918
41.343333,41.363333,2.912180
41.376667,41.396667,2.942108
41.410000,41.430000,2.982307
41.443333,41.463333,2.923979
41.476667,41.496667,2.882593
41.510000,41.530000,2.892604
41.543333,41.563333,2.905448
41.576667,41.596667,2.951690
41.610000,41.630000,2.907606
41.643333,41.663333,2.899845
41.676667,41.696667,2.942649
41.710000,41.730000,2.996841
41.743333,41.763333,2.966776
41.776667,41.796667,2.973598
41.810000,41.830000,2.978195
41.843333,41.863333,3.015052
41.876667,41.896667,2.989880
41.910000,41.930000,3.001037
41.943333,41.963333,2.972332
41.976667,41.996667,2.976000
42.010000,42.030000,3.000494
42.043333,42.063333,3.005271
42.076667,42.096667,3.014653
42.110000,42.130000,3.001283
42.143333,42.163333,3.010363
42.176667,42.196667,3.033745
42.210000,42.230000,3.015131
42.243333,42.263333,3.046468
42.276667,42.296667,3.055199
42.310000,42.330000,2.988212
42.343333,42.363333,3.039963
42.376667,42.396667,3.044219
42.410000,42.430000,3.052164
42.443333,42.463333,3.039914
42.476667,42.496667,3.076223
42.510000,42.530000,3.065575
42.543333,42.563333,3.096768
42.576667,42.596667,3.106714
42.610000,42.630000,3.101706
42.643333,42.663333,3.070751
42.676667,42.696667,3.092033
42.710000,42.730000,3.140612
42.743333,42.763333,3.121283
42.776667,42.796667,3.146257
42.810000,42.830000,3.083420
42.843333,42.863333,3.114812
42.876667,42.896667,3.172212
42.910000,42.930000,3.103808
42.943333,42.963333,3.142918
42.976667,42.996667,3.169578
43.010000,43.030000,3.176162
43.043333,43.063333,3.113848
43.076667,43.096667,3.194266
43.110000,43.130000,3.192794
43.143333,43.163333,3.138580
43.176667,43.196667,3.177868
43.210000,43.230000,3.135162
43.243333,43.263333,3.155085
43.276667,43.296667,3.139564
43.310000,43.330000,3.173342
43.343333,43.363333,3.182228
43.376667,43.396667,3.193080
43.410000,43.430000,3.134196
43.443333,43.463333,3.221160
43.476667,43.496667,3.141039
43.510000,43.530000,3.162260
43.543333,43.563333,3.236408
43.576667,43.596667,3.174026
43.610000,43.630000,3.201009
43.643333,43.663333,3.196686
43.676667,43.696667,3.238793
43.710000,43.730000,3.209010
43.743333,43.763333,3.227224
43.776667,43.796667,3.183392
43.810000,43.830000,3.238135
43.843333,43.863333,3.275676
43.876667,43.896667,3.211476
43.910000,43.930000,3.231869
43.943333,43.963333,3.211077
43.976667,43.996667,3.260283
44.010000,44.030000,3.234044
44.043333,44.063333,3.251500
44.076667,44.096667,3.198998
44.110000,44.130000,3.230830
44.143333,44.163333,3.297460
44.176667,44.196667,3.255920
44.210000,44.230000,3.266101
44.243333,44.263333,3.271402
44.276667,44.296667,3.273360
44.310000,44.330000,3.290181
44.343333,44.363333,3.260599
44.376667,44.396667,3.245560
44.410000,44.430000,3.299674
44.443333,44.463333,3.281746
44.476667,44.496667,3.298297
44.510000,44.530000,3.293082
44.543333,44.563333,3.287363
44.576667,44.596667,3.317405
44.610000,44.630000,3.306073
44.643333,44.663333,3.286983
44.676667,44.696667,3.347784
44.710000,44.730000,3.300643
44.743333,44.763333,3.306634
44.776667,44.796667,3.316081
44.810000,44.830000,3.321616
44.843333,44.863333,3.333498
44.876667,44.896667,3.290292
44.910000,44.930000,3.364113
44.943333,44.963333,3.345051
44.976667,44.996667,3.354258
45.010000,45.030000,3.353664
45.043333,45.063333,3.355951
45.076667,45.096667,3.380779
45.110000,45.130000,3.342228
45.143333,45.163333,3.318265
45.176667,45.196667,3.354933
45.210000,45.230000,3.387529
45.243333,45.263333,3.373287
45.276667,45.296667,3.350827
45.310000,45.330000,3.387541
45.343333,45.363333,3.415406
45.376667,45.396667,3.377999
45.410000,45.430000,3.371117
45.443333,45.463333,3.380123
45.476667,45.496667,3.388959
45.510000,45.530000,3.436544
45.543333,45.563333,3.419670
45.576667,45.596667,3.394324
45.610000,45.630000,3.408680
45.643333,45.663333,3.441074
45.676667,45.696667,3.450524
45.743333,45.763333,3.430109
45.776667,45.796667,3.434387
45.810000,45.830000,3.379741
45.843333,45.863333,3.447922
45.876667,45.896667,3.465170
45.910000,45.930000,3.455669
45.943333,45.963333,3.427577
45.976667,45.996667,3.449570
46.010000,46.030000,3.496205
46.043333,46.063333,3.469231
46.076667,46.096667,3.443484
46.110000,46.130000,3.456421
46.143333,46.163333,3.443204
46.176667,46.196667,3.484231
46.210000,46.230000,3.498894
46.243333,46.263333,3.485069
46.276667,46.296667,3.471389
46.310000,46.330000,3.511065
46.343333,46.363333,3.502376
46.376667,46.396667,3.495401
46.410000,46.430000,3.498709
46.443333,46.463333,3.490671
46.476667,46.496667,3.518101
46.510000,46.530000,3.518984
46.543333,46.563333,3.525620
46.576667,46.596667,3.511740
46.610000,46.630000,3.574939
46.643333,46.663333,3.597009
46.676667,46.696667,3.521700
46.710000,46.730000,3.602918
46.743333,46.763333,3.561040
46.776667,46.796667,3.580353
46.810000,46.830000,3.511805
46.843333,46.863333,3.561971
46.876667,46.896667,3.546269
46.910000,46.930000,3.543911
46.943333,46.963333,3.564689
46.976667,46.996667,3.508197
47.010000,47.030000,3.544893
47.043333,47.063333,3.557909
47.076667,47.096667,3.556487
47.110000,47.130000,3.605745
47.143333,47.163333,3.530919
47.176667,47.196667,3.573708
47.210000,47.230000,3.598508
47.243333,47.263333,3.599203
47.276667,47.296667,3.531890
47.310000,47.330000,3.575055
47.343333,47.363333,3.553175
47.376667,47.396667,3.596122
47.410000,47.430000,3.615793
47.443333,47.463333,3.581689
47.476667,47.496667,3.617794
47.510000,47.530000,3.608842
47.543333,47.563333,3.590944
47.576667,47.596667,3.599387
47.610000,47.630000,3.583186
47.643333,47.663333,3.584773
47.676667,47.696667,3.656397
47.710000,47.730000,3.591656
47.743333,47.763333,3.606503
47.776667,47.796667,3.620578
47.810000,47.830000,3.637015
47.843333,47.863333,3.639389
47.876667,47.896667,3.598279
47.910000,47.930000,3.610751
47.943333,47.963333,3.642580
47.976667,47.996667,3.593294
48.010000,48.030000,3.607189
48.043333,48.063333,3.559854
48.076667,48.096667,3.612524
48.110000,48.130000,3.633951
48.143333,48.163333,3.609966
48.176667,48.196667,3.614491
48.210000,48.230000,3.599367
48.243333,48.263333,3.607697
48.276667,48.296667,3.666987
48.310000,48.330000,3.658151
48.343333,48.363333,3.642908
48.376667,48.396667,3.610904
48.410000,48.430000,3.642637
48.443333,48.463333,3.612819
48.476667,48.496667,3.634477
48.510000,48.530000,3.647942
48.543333,48.563333,3.643994
48.576667,48.596667,3.682756
48.610000,48.630000,3.652353
48.643333,48.663333,3.648055
48.676667,48.696667,3.606418
48.710000,48.730000,3.683211
48.743333,48.763333,3.677540
48.776667,48.796667,3.627591
48.810000,48.830000,3.638725
48.843333,48.863333,3.674455
48.876667,48.896667,3.658336
48.910000,48.930000,3.708761
48.943333,48.963333,3.637007
48.976667,48.996667,3.658903
49.010000,49.030000,3.664075
49.043333,49.063333,3.698215
49.076667,49.096667,3.659365
49.110000,49.130000,3.628206
49.143333,49.163333,3.669860
49.176667,49.196667,3.686425
49.210000,49.230000,3.655244
49.243333,49.263333,3.722148
49.276667,49.296667,3.687065
49.310000,49.330000,3.672327
49.343333,49.363333,3.677043
49.376667,49.396667,3.704511
49.410000,49.430000,3.740223
49.443333,49.463333,3.721980
49.476667,49.496667,3.628140
49.510000,49.530000,3.690784
49.543333,49.563333,3.689449
49.576667,49.596667,3.731504
49.610000,49.630000,3.671375
49.643333,49.663333,3.719159
49.676667,49.696667,3.703095
49.710000,49.730000,3.711926
49.743333,49.763333,3.756911
49.776667,49.796667,3.686103
49.810000,49.830000,3.681800
49.843333,49.863333,3.716924
49.876667,49.896667,3.742078
49.910000,49.930000,3.763622
49.943333,49.963333,3.737570
49.976667,49.996667,3.749190
50.010000,50.030000,3.768887
50.043333,50.063333,3.743788
50.076667,50.096667,3.722967
50.110000,50.130000,3.748872
50.143333,50.163333,3.731701
50.176667,50.196667,3.705767
50.210000,50.230000,3.764300
50.243333,50.263333,3.747601
50.276667,50.296667,3.741296
50.310000,50.330000,3.766999
50.343333,50.363333,3.754486
50.376667,50.396667,3.789274
50.410000,50.430000,3.761566
50.443333,50.463333,3.752525
50.476667,50.496667,3.761723
50.510000,50.530000,3.758783
50.543333,50.563333,3.787409
50.576667,50.596667,3.771189
50.610000,50.630000,3.749011
50.643333,50.663333,3.774163
50.676667,50.696667,3.760656
50.710000,50.730000,3.780023
50.743333,50.763333,3.772161
50.776667,50.796667,3.745578
50.810000,50.830000,3.803431
50.843333,50.863333,3.785297
50.876667,50.896667,3.765008
50.910000,50.930000,3.790377
50.943333,50.963333,3.775794
50.976667,50.996667,3.730355
51.010000,51.030000,3.803518
51.043333,51.063333,3.751182
51.076667,51.096667,3.767702
51.110000,51.130000,3.828217
51.143333,51.163333,3.813311
51.176667,51.196667,3.793306
51.210000,51.230000,3.798779
51.243333,51.263333,3.747992
51.276667,51.296667,3.767293
51.310000,51.330000,3.772462
51.343333,51.363333,3.782374
51.376667,51.396667,3.780702
51.410000,51.430000,3.818997
51.443333,51.463333,3.826997
51.476667,51.496667,3.779829
51.510000,51.530000,3.808379
51.543333,51.563333,3.858698
51.576667,51.596667,3.817547
51.610000,51.630000,3.799951
51.643333,51.663333,3.783216
51.676667,51.696667,3.787477
51.710000,51.730000,3.810932
51.743333,51.763333,3.832925
51.776667,51.796667,3.833809
51.810000,51.830000,3.747720
51.843333,51.863333,3.749409
51.876667,51.896667,3.789715
51.910000,51.930000,3.802186
51.943333,51.963333,3.764510
51.976667,51.996667,3.830758
52.010000,52.030000,3.786669
52.043333,52.063333,3.814264
52.076667,52.096667,3.826413
52.110000,52.130000,3.849189
52.143333,52.163333,3.807650
52.176667,52.196667,3.803731
52.210000,52.230000,3.813882
52.243333,52.263333,3.801795
52.276667,52.296667,3.823854
52.310000,52.330000,3.796196
52.343333,52.363333,3.825598
52.376667,52.396667,3.775358
52.410000,52.430000,3.811514
52.443333,52.463333,3.777741
52.476667,52.496667,3.777978
52.510000,52.530000,3.813250
52.543333,52.563333,3.774717
52.576667,52.596667,3.814058
52.610000,52.630000,3.766422
52.643333,52.663333,3.761739
52.676667,52.696667,3.802482
52.710000,52.730000,3.844383
52.743333,52.763333,3.786358
52.776667,52.796667,3.813835
52.810000,52.830000,3.801041
52.843333,52.863333,3.789248
52.876667,52.896667,3.761792
52.910000,52.930000,3.782637
52.943333,52.963333,3.741873
52.976667,52.996667,3.778302
53.010000,53.030000,3.719111
53.043333,53.063333,3.739192
53.076667,53.096667,3.818204
53.110000,53.130000,3.794362
53.143333,53.163333,3.773103
53.176667,53.196667,3.758126
53.210000,53.230000,3.771105
53.243333,53.263333,3.752845
53.276667,53.296667,3.758045
53.310000,53.330000,3.775852
53.343333,53.363333,3.796213
53.376667,53.396667,3.730444
53.410000,53.430000,3.772822
53.443333,53.463333,3.784032
53.476667,53.496667,3.790443
53.510000,53.530000,3.753074
53.543333,53.563333,3.746351
53.576667,53.596667,3.758572
53.610000,53.630000,3.729522
53.643333,53.663333,3.774316
53.676667,53.696667,3.761310
53.710000,53.730000,3.739874
53.743333,53.763333,3.772139
53.776667,53.796667,3.744795
53.810000,53.830000,3.748315
53.843333,53.863333,3.783564
53.876667,53.896667,3.754750
53.910000,53.930000,3.724825
53.943333,53.963333,3.800520
53.976667,53.996667,3.766163
54.010000,54.030000,3.776790
54.043333,54.063333,3.706719
54.076667,54.096667,3.790263
54.110000,54.130000,3.732199
54.143333,54.163333,3.710104
54.176667,54.196667,3.781664
54.210000,54.230000,3.752124
54.243333,54.263333,3.701143
54.276667,54.296667,3.721789
54.310000,54.330000,3.736918
54.343333,54.363333,3.718239
54.376667,54.396667,3.757249
54.410000,54.430000,3.721231
54.443333,54.463333,3.727408
54.476667,54.496667,3.736385
54.510000,54.530000,3.713478
54.543333,54.563333,3.733699
54.576667,54.596667,3.737896
54.610000,54.630000,3.743828
54.643333,54.663333,3.740505
54.676667,54.696667,3.748767
54.710000,54.730000,3.749827
54.743333,54.763333,3.740092
54.776667,54.796667,3.756659
54.810000,54.830000,3.709235
54.843333,54.863333,3.751012
54.876667,54.896667,3.691838
54.910000,54.930000,3.721839
54.943333,54.963333,3.724689
54.976667,54.996667,3.795011
55.010000,55.030000,3.686277
55.043333,55.063333,3.690706
55.076667,55.096667,3.720287
55.110000,55.130000,3.723893
55.143333,55.163333,3.761562
55.176667,55.196667,3.735300
55.210000,55.230000,3.727960
55.243333,55.263333,3.709831
55.276667,55.296667,3.741091
55.310000,55.330000,3.722263
55.343333,55.363333,3.775234
55.376667,55.396667,3.764095
55.410000,55.430000,3.709674
55.443333,55.463333,3.731367
55.476667,55.496667,3.692321
55.510000,55.530000,3.692183
55.543333,55.563333,3.731603
55.610000,55.630000,3.686350
55.643333,55.663333,3.725561
55.676667,55.696667,3.677640
55.743333,55.763333,3.726625
55.776667,55.796667,3.702395
55.810000,55.830000,3.726758
55.843333,55.863333,3.694300
55.876667,55.896667,3.718687
55.910000,55.930000,3.597306
55.943333,55.963333,3.684288
55.976667,55.996667,3.688821
56.010000,56.030000,3.684374
56.043333,56.063333,3.711115
56.076667,56.096667,3.717567
56.110000,56.130000,3.702932
56.143333,56.163333,3.685942
56.176667,56.196667,3.668038
56.210000,56.230000,3.668704
56.243333,56.263333,3.711747
56.276667,56.296667,3.688549
56.310000,56.330000,3.682521
56.343333,56.363333,3.683084
56.376667,56.396667,3.705031
56.410000,56.430000,3.690422
56.443333,56.463333,3.656257
56.476667,56.496667,3.670348
56.510000,56.530000,3.703130
56.543333,56.563333,3.690803
56.576667,56.596667,3.657998
56.610000,56.630000,3.666066
56.643333,56.663333,3.637719
56.676667,56.696667,3.599331
56.710000,56.730000,3.623150
56.743333,56.763333,3.675797
56.776667,56.796667,3.671030
56.810000,56.830000,3.650041
56.843333,56.863333,3.590290
56.876667,56.896667,3.657177
56.910000,56.930000,3.620018
56.943333,56.963333,3.604390
56.976667,56.996667,3.640095
57.010000,57.030000,3.631328
57.043333,57.063333,3.675865
57.076667,57.096667,3.629448
57.110000,57.130000,3.609896
57.143333,57.163333,3.600537
57.176667,57.196667,3.607513
57.210000,57.230000,3.575890
57.243333,57.263333,3.596740
57.276667,57.296667,3.601705
57.310000,57.330000,3.580565
57.343333,57.363333,3.586924
57.376667,57.396667,3.581396
57.410000,57.430000,3.560185
57.443333,57.463333,3.593072
57.476667,57.496667,3.582127
57.510000,57.530000,3.618846
57.543333,57.563333,3.568756
57.576667,57.596667,3.518350
57.610000,57.630000,3.559390
57.643333,57.663333,3.607137
57.676667,57.696667,3.550091
57.710000,57.730000,3.564847
57.743333,57.763333,3.520551
57.776667,57.796667,3.569078
57.810000,57.830000,3.537695
57.843333,57.863333,3.518819
57.876667,57.896667,3.503091
57.910000,57.930000,3.507340
57.943333,57.963333,3.474497
57.976667,57.996667,3.551755
58.010000,58.030000,3.553087
58.043333,58.063333,3.538049
58.076667,58.096667,3.503776
58.110000,58.130000,3.483677
58.143333,58.163333,3.499495
58.176667,58.196667,3.516135
58.210000,58.230000,3.484741
58.243333,58.263333,3.504161
58.276667,58.296667,3.486376
58.310000,58.330000,3.497456
58.343333,58.363333,3.517750
58.376667,58.396667,3.506378
58.410000,58.430000,3.450808
58.443333,58.463333,3.447579
58.476667,58.496667,3.439364
58.510000,58.530000,3.486329
58.543333,58.563333,3.492172
58.576667,58.596667,3.474881
58.610000,58.630000,3.498509
58.643333,58.663333,3.418922
58.676667,58.696667,3.441235
58.710000,58.730000,3.444033
58.743333,58.763333,3.471802
58.776667,58.796667,3.470862
58.810000,58.830000,3.412993
58.843333,58.863333,3.404671
58.876667,58.896667,3.431871
58.910000,58.930000,3.417709
58.943333,58.963333,3.421729
58.976667,58.996667,3.377803
59.010000,59.030000,3.414572
59.043333,59.063333,3.393597
59.076667,59.096667,3.391988
59.110000,59.130000,3.369304
59.143333,59.163333,3.368729
59.176667,59.196667,3.444247
59.210000,59.230000,3.418559
59.243333,59.263333,3.406025
59.276667,59.296667,3.386434
59.310000,59.330000,3.392026
59.343333,59.363333,3.336728
59.376667,59.396667,3.407367
59.410000,59.430000,3.380233
59.443333,59.463333,3.350374
59.476667,59.496667,3.402033
59.510000,59.530000,3.361668
59.543333,59.563333,3.377038
59.576667,59.596667,3.374923
59.610000,59.630000,3.355190
59.643333,59.663333,3.377099
59.676667,59.696667,3.358993
59.710000,59.730000,3.378012
59.743333,59.763333,3.310226
59.776667,59.796667,3.327389
59.810000,59.830000,3.325377
59.843333,59.863333,3.322210
59.876667,59.896667,3.344392
59.910000,59.930000,3.314813
59.943333,59.963333,3.297723
59.976667,59.996667,3.358363
